{"stats":{"minecraft:picked_up":{"minecraft:crafting_table":1,"minecraft:feather":2,"minecraft:chicken":3,"minecraft:leather":3,"minecraft:dandelion":1,"minecraft:oak_log":12,"minecraft:dirt":14,"minecraft:wheat_seeds":4,"minecraft:beef":3,"minecraft:oak_sapling":2,"minecraft:sugar_cane":8,"minecraft:chest":1,"minecraft:cobblestone":7,"minecraft:oxeye_daisy":1},"minecraft:crafted":{"minecraft:oak_planks":48,"minecraft:stone_shovel":1,"minecraft:crafting_table":1,"minecraft:stick":8,"minecraft:stone_sword":1,"minecraft:stone_axe":1},"minecraft:killed":{"minecraft:chicken":3,"minecraft:cow":2},"minecraft:used":{"minecraft:stone_sword":5,"minecraft:golden_leggings":1,"minecraft:stone_axe":1,"minecraft:dirt":12,"minecraft:crafting_table":1,"minecraft:golden_pickaxe":7},"minecraft:mined":{"minecraft:crafting_table":1,"minecraft:short_grass":20,"minecraft:grass_block":14,"minecraft:oak_log":12,"minecraft:chest":1,"minecraft:dirt":1,"minecraft:tall_grass":4,"minecraft:stone":7,"minecraft:sugar_cane":3},"minecraft:custom":{"minecraft:time_since_rest":7796,"minecraft:sprint_one_cm":26699,"minecraft:damage_taken":8,"minecraft:walk_one_cm":15569,"minecraft:mob_kills":5,"minecraft:damage_dealt":330,"minecraft:swim_one_cm":6262,"minecraft:interact_with_crafting_table":2,"minecraft:fly_one_cm":44496,"minecraft:open_chest":1,"minecraft:crouch_one_cm":637,"minecraft:play_time":7796,"minecraft:sneak_time":319,"minecraft:walk_under_water_one_cm":501,"minecraft:jump":204,"minecraft:leave_game":1,"minecraft:walk_on_water_one_cm":1401,"minecraft:time_since_death":7796,"minecraft:total_world_time":7796,"minecraft:fall_one_cm":4358}},"DataVersion":3839}