{"stats":{"minecraft:picked_up":{"minecraft:crafting_table":2,"minecraft:feather":2,"minecraft:chicken":3,"minecraft:leather":19,"minecraft:potato":3,"minecraft:oak_log":12,"minecraft:dirt":28,"minecraft:wheat_seeds":9,"minecraft:beef":24,"minecraft:poppy":1,"minecraft:sugar_cane":8,"minecraft:chest":1,"minecraft:furnace":1,"minecraft:book":12,"minecraft:torch":2,"minecraft:dandelion":1,"minecraft:porkchop":3,"minecraft:white_bed":1,"minecraft:carrot":4,"minecraft:mossy_cobblestone":1,"minecraft:rotten_flesh":3,"minecraft:hay_block":81,"minecraft:oak_sapling":2,"minecraft:mutton":5,"minecraft:coal":53,"minecraft:white_wool":3,"minecraft:cobblestone":36,"minecraft:oxeye_daisy":1},"minecraft:broken":{"minecraft:golden_pickaxe":1},"minecraft:crafted":{"minecraft:cooked_beef":14,"minecraft:oak_planks":48,"minecraft:stone_shovel":1,"minecraft:crafting_table":1,"minecraft:wooden_pickaxe":1,"minecraft:furnace":1,"minecraft:stone_axe":1,"minecraft:air":0,"minecraft:stick":12,"minecraft:stone_pickaxe":1,"minecraft:stone_sword":1,"minecraft:torch":12},"minecraft:killed":{"minecraft:pig":1,"minecraft:spider":1,"minecraft:sheep":3,"minecraft:horse":5,"minecraft:zombie":3,"minecraft:chicken":3,"minecraft:cow":10},"minecraft:used":{"minecraft:stone_sword":75,"minecraft:stone_pickaxe":20,"minecraft:stone_shovel":15,"minecraft:chest":1,"minecraft:wooden_pickaxe":4,"minecraft:torch":12,"minecraft:mossy_cobblestone":1,"minecraft:dirt":12,"minecraft:crafting_table":2,"minecraft:chicken":1,"minecraft:golden_leggings":1,"minecraft:stone_axe":105,"minecraft:furnace":2,"minecraft:cooked_beef":5,"minecraft:golden_pickaxe":32},"minecraft:mined":{"minecraft:white_bed":1,"minecraft:mossy_cobblestone":1,"minecraft:crafting_table":2,"minecraft:torch":1,"minecraft:short_grass":33,"minecraft:grass_block":19,"minecraft:poppy":1,"minecraft:chest":1,"minecraft:tall_grass":6,"minecraft:sugar_cane":3,"minecraft:wall_torch":1,"minecraft:hay_block":81,"minecraft:furnace":1,"minecraft:carrots":4,"minecraft:wheat":3,"minecraft:potatoes":3,"minecraft:bookshelf":4,"minecraft:oak_log":12,"minecraft:coal_ore":18,"minecraft:dirt":10,"minecraft:stone":36},"minecraft:custom":{"minecraft:interact_with_furnace":13,"minecraft:mob_kills":26,"minecraft:interact_with_crafting_table":8,"minecraft:interact_with_grindstone":1,"minecraft:leave_game":2,"minecraft:time_since_death":31626,"minecraft:sleep_in_bed":1,"minecraft:time_since_rest":13238,"minecraft:sprint_one_cm":73832,"minecraft:damage_taken":286,"minecraft:walk_one_cm":73872,"minecraft:damage_dealt":3189,"minecraft:swim_one_cm":6262,"minecraft:talked_to_villager":1,"minecraft:fly_one_cm":104847,"minecraft:open_chest":4,"minecraft:crouch_one_cm":821,"minecraft:play_time":31626,"minecraft:sneak_time":378,"minecraft:walk_under_water_one_cm":501,"minecraft:jump":552,"minecraft:walk_on_water_one_cm":1401,"minecraft:total_world_time":31626,"minecraft:fall_one_cm":13211}},"DataVersion":3839}