{"stats":{"minecraft:picked_up":{"minecraft:stick":4,"minecraft:crafting_table":2,"minecraft:cooked_beef":6,"minecraft:andesite":8,"minecraft:leather":2,"minecraft:dandelion":3,"minecraft:oak_log":13,"minecraft:dirt":47,"minecraft:arrow":2,"minecraft:bone":1,"minecraft:wheat_seeds":1,"minecraft:hay_block":12,"minecraft:beef":2,"minecraft:coal":10,"minecraft:furnace":1,"minecraft:oak_sapling":3,"minecraft:mutton":7,"minecraft:cobblestone":20,"minecraft:white_wool":5,"minecraft:oxeye_daisy":1},"minecraft:broken":{"minecraft:wooden_axe":1},"minecraft:dropped":{"minecraft:oxeye_daisy":1,"minecraft:dirt":46,"minecraft:wheat_seeds":1,"minecraft:cobblestone":1,"minecraft:dandelion":3},"minecraft:crafted":{"minecraft:cooked_beef":2,"minecraft:oak_planks":44,"minecraft:wooden_shovel":1,"minecraft:stone_shovel":1,"minecraft:crafting_table":2,"minecraft:stick":12,"minecraft:wooden_pickaxe":1,"minecraft:stone_pickaxe":1,"minecraft:wooden_axe":1,"minecraft:torch":8,"minecraft:stone_axe":1,"minecraft:bread":36,"minecraft:air":0,"minecraft:wheat":108},"minecraft:killed":{"minecraft:sheep":5,"minecraft:cow":1},"minecraft:used":{"minecraft:wooden_axe":54,"minecraft:stone_shovel":37,"minecraft:bread":7,"minecraft:stone_pickaxe":22,"minecraft:wooden_pickaxe":9,"minecraft:wooden_shovel":16,"minecraft:torch":1,"minecraft:crafting_table":4,"minecraft:potato":1,"minecraft:cooked_beef":2},"minecraft:mined":{"minecraft:hay_block":12,"minecraft:furnace":1,"minecraft:andesite":8,"minecraft:dandelion":2,"minecraft:crafting_table":2,"minecraft:short_grass":12,"minecraft:grass_block":35,"minecraft:oak_log":13,"minecraft:dirt":14,"minecraft:tall_grass":2,"minecraft:stone":20,"minecraft:oxeye_daisy":1,"minecraft:oak_leaves":9},"minecraft:custom":{"minecraft:time_since_rest":13238,"minecraft:interact_with_furnace":8,"minecraft:sprint_one_cm":126270,"minecraft:damage_taken":313,"minecraft:walk_one_cm":57776,"minecraft:mob_kills":6,"minecraft:drop":6,"minecraft:damage_dealt":529,"minecraft:talked_to_villager":2,"minecraft:swim_one_cm":1064,"minecraft:interact_with_crafting_table":7,"minecraft:fly_one_cm":174112,"minecraft:open_chest":11,"minecraft:crouch_one_cm":11,"minecraft:play_time":26309,"minecraft:sneak_time":2,"minecraft:walk_under_water_one_cm":88,"minecraft:jump":618,"minecraft:time_since_death":26309,"minecraft:walk_on_water_one_cm":142,"minecraft:sleep_in_bed":3,"minecraft:total_world_time":26309,"minecraft:climb_one_cm":428,"minecraft:fall_one_cm":17650}},"DataVersion":3839}