{"stats":{"minecraft:picked_up":{"minecraft:stick":4,"minecraft:crafting_table":2,"minecraft:leather":2,"minecraft:dandelion":1,"minecraft:oak_log":13,"minecraft:dirt":11,"minecraft:arrow":2,"minecraft:bone":1,"minecraft:hay_block":12,"minecraft:beef":2,"minecraft:oak_sapling":2,"minecraft:mutton":7,"minecraft:white_wool":5,"minecraft:oxeye_daisy":1},"minecraft:broken":{"minecraft:wooden_axe":1},"minecraft:dropped":{"minecraft:oxeye_daisy":1,"minecraft:dandelion":1},"minecraft:crafted":{"minecraft:cooked_beef":2,"minecraft:oak_planks":44,"minecraft:wooden_shovel":1,"minecraft:crafting_table":2,"minecraft:stick":4,"minecraft:wooden_pickaxe":1,"minecraft:wooden_axe":1,"minecraft:bread":36,"minecraft:air":0,"minecraft:wheat":108},"minecraft:killed":{"minecraft:sheep":5,"minecraft:cow":1},"minecraft:used":{"minecraft:wooden_axe":54,"minecraft:bread":4,"minecraft:wooden_pickaxe":1,"minecraft:wooden_shovel":14,"minecraft:crafting_table":3,"minecraft:potato":1,"minecraft:cooked_beef":2},"minecraft:mined":{"minecraft:hay_block":12,"minecraft:dandelion":1,"minecraft:crafting_table":2,"minecraft:short_grass":10,"minecraft:grass_block":2,"minecraft:oak_log":13,"minecraft:dirt":11,"minecraft:tall_grass":2,"minecraft:oxeye_daisy":1,"minecraft:oak_leaves":9},"minecraft:custom":{"minecraft:time_since_rest":7408,"minecraft:interact_with_furnace":4,"minecraft:sprint_one_cm":107888,"minecraft:damage_taken":313,"minecraft:walk_one_cm":48324,"minecraft:mob_kills":6,"minecraft:drop":2,"minecraft:damage_dealt":508,"minecraft:talked_to_villager":2,"minecraft:swim_one_cm":1064,"minecraft:interact_with_crafting_table":5,"minecraft:fly_one_cm":146386,"minecraft:open_chest":8,"minecraft:crouch_one_cm":11,"minecraft:play_time":20479,"minecraft:sneak_time":2,"minecraft:walk_under_water_one_cm":88,"minecraft:jump":495,"minecraft:time_since_death":20479,"minecraft:walk_on_water_one_cm":142,"minecraft:sleep_in_bed":3,"minecraft:total_world_time":20479,"minecraft:climb_one_cm":428,"minecraft:fall_one_cm":13652}},"DataVersion":3839}