{"stats":{"minecraft:custom":{"minecraft:time_since_rest":20426,"minecraft:sprint_one_cm":129788,"minecraft:interact_with_furnace":8,"minecraft:damage_taken":313,"minecraft:walk_one_cm":64892,"minecraft:mob_kills":6,"minecraft:drop":6,"minecraft:damage_dealt":529,"minecraft:swim_one_cm":1064,"minecraft:interact_with_crafting_table":7,"minecraft:talked_to_villager":2,"minecraft:fly_one_cm":174364,"minecraft:open_chest":11,"minecraft:crouch_one_cm":11,"minecraft:play_time":33497,"minecraft:sneak_time":2,"minecraft:walk_under_water_one_cm":88,"minecraft:jump":677,"minecraft:leave_game":1,"minecraft:time_since_death":33497,"minecraft:walk_on_water_one_cm":142,"minecraft:total_world_time":33497,"minecraft:sleep_in_bed":3,"minecraft:fall_one_cm":17650,"minecraft:climb_one_cm":428},"minecraft:crafted":{"minecraft:cooked_beef":2,"minecraft:oak_planks":44,"minecraft:wooden_shovel":1,"minecraft:stone_shovel":1,"minecraft:crafting_table":2,"minecraft:stick":12,"minecraft:wooden_pickaxe":1,"minecraft:stone_pickaxe":1,"minecraft:wooden_axe":1,"minecraft:torch":8,"minecraft:stone_axe":1,"minecraft:wheat":108,"minecraft:air":0,"minecraft:bread":36},"minecraft:mined":{"minecraft:hay_block":12,"minecraft:furnace":1,"minecraft:andesite":15,"minecraft:dandelion":2,"minecraft:crafting_table":2,"minecraft:granite":3,"minecraft:short_grass":12,"minecraft:coal_ore":29,"minecraft:grass_block":35,"minecraft:oak_log":13,"minecraft:dirt":53,"minecraft:tall_grass":2,"minecraft:diorite":32,"minecraft:stone":57,"minecraft:oxeye_daisy":1,"minecraft:oak_leaves":9},"minecraft:used":{"minecraft:wooden_axe":54,"minecraft:stone_shovel":76,"minecraft:bread":7,"minecraft:stone_pickaxe":130,"minecraft:wooden_pickaxe":9,"minecraft:wooden_shovel":16,"minecraft:torch":5,"minecraft:crafting_table":4,"minecraft:cooked_beef":2,"minecraft:potato":1},"minecraft:picked_up":{"minecraft:stick":4,"minecraft:crafting_table":2,"minecraft:cooked_beef":6,"minecraft:andesite":15,"minecraft:leather":2,"minecraft:dandelion":3,"minecraft:oak_log":13,"minecraft:diorite":32,"minecraft:dirt":82,"minecraft:bone":1,"minecraft:arrow":2,"minecraft:wheat_seeds":1,"minecraft:granite":3,"minecraft:hay_block":12,"minecraft:beef":2,"minecraft:oak_sapling":3,"minecraft:mutton":7,"minecraft:coal":39,"minecraft:cobblestone":54,"minecraft:white_wool":5,"minecraft:furnace":1,"minecraft:oxeye_daisy":1},"minecraft:dropped":{"minecraft:oxeye_daisy":1,"minecraft:dirt":46,"minecraft:wheat_seeds":1,"minecraft:cobblestone":1,"minecraft:dandelion":3},"minecraft:broken":{"minecraft:wooden_axe":1,"minecraft:stone_pickaxe":1},"minecraft:killed":{"minecraft:sheep":5,"minecraft:cow":1}},"DataVersion":3839}