{"stats":{"minecraft:picked_up":{"minecraft:crafting_table":1,"minecraft:dandelion":1,"minecraft:oak_log":5,"minecraft:mutton":3,"minecraft:white_wool":2,"minecraft:oxeye_daisy":1},"minecraft:crafted":{"minecraft:oak_planks":12,"minecraft:crafting_table":1,"minecraft:stick":4,"minecraft:wooden_pickaxe":1,"minecraft:wooden_axe":1},"minecraft:dropped":{"minecraft:oxeye_daisy":1,"minecraft:dandelion":1},"minecraft:killed":{"minecraft:sheep":3},"minecraft:used":{"minecraft:wooden_axe":13,"minecraft:crafting_table":1},"minecraft:mined":{"minecraft:short_grass":1,"minecraft:oak_log":5,"minecraft:tall_grass":1,"minecraft:dandelion":1,"minecraft:oxeye_daisy":1,"minecraft:oak_leaves":2,"minecraft:crafting_table":1},"minecraft:custom":{"minecraft:time_since_rest":2479,"minecraft:crouch_one_cm":11,"minecraft:play_time":2479,"minecraft:sprint_one_cm":8666,"minecraft:damage_taken":10,"minecraft:walk_one_cm":5347,"minecraft:sneak_time":2,"minecraft:mob_kills":3,"minecraft:drop":2,"minecraft:jump":34,"minecraft:damage_dealt":248,"minecraft:time_since_death":2479,"minecraft:total_world_time":2479,"minecraft:interact_with_crafting_table":2,"minecraft:fall_one_cm":1045,"minecraft:fly_one_cm":8727}},"DataVersion":3839}